id,name,fluorochrome,brand_id,catalog_number,clone,price,team_id,user_id,target_antigen,catalog_volume,catalog_price
be3320e7-4e24-4aa7-9197-c99c41c8e04e,CD13,FL-0012,2739adfe-b5ec-4f11-b2a2-7c3fa147b263,R0715,WM-47,506.0,,,CD13,100.0,506.0
04b55147-55e2-473e-8dfd-c033841e59e9,CD45-RA,FL-0005,a0825477-f52a-4992-9d58-17849b64ca85,B49193,,0.0,,,CD45-RA,100.0,0.0
19a0f284-eea9-44e1-996a-4d97e30b4f1c,CD14,FL-0005,a0825477-f52a-4992-9d58-17849b64ca85,B92391,,0.0,,,CD14,100.0,0.0
627b9ab6-6403-49e6-9dec-3ac06ceccda0,CD16,FL-0005,a0825477-f52a-4992-9d58-17849b64ca85,B49216,,0.0,,,CD16,100.0,0.0
195acde5-c9cb-4016-aff4-6cbcae0c0b9a,CD11b,FL-0001,dd856259-6ecd-4dba-b3ea-29b417c3d703,130110554,REA713,0.0,,,CD11b,100.0,0.0
bc2231f7-6475-42a8-bcca-79813a6bfec3,CD71,FL-0004,dd856259-6ecd-4dba-b3ea-29b417c3d703,130115032,REA902,0.0,,,CD71,100.0,0.0
069faae2-bf75-46bd-bd5e-723a549a06f5,CD57,FL-0006,2739adfe-b5ec-4f11-b2a2-7c3fa147b263,F7270,TB01,0.0,,,CD57,100.0,0.0
b6b7c2db-2ae0-4248-a541-2814f9e45f20,CD8,FL-0003,fcbaa6cc-f04b-4a01-af66-9353f2e3c235,641400,SK1,406.0,,,CD8,100.0,406.0
9eb35d96-b622-42f8-aa54-36182e368810,CD71,FL-0003,fcbaa6cc-f04b-4a01-af66-9353f2e3c235,655408,M-A712,406.0,,,CD71,100.0,406.0
df4349dc-9d94-44f6-bca8-f4dcd9ce0fde,CD34,FL-0003,fcbaa6cc-f04b-4a01-af66-9353f2e3c235,340441,8G12,0.0,,,CD34,100.0,0.0
5f46a422-3862-48ad-ac70-7ff8536c0eb4,CD103,FL-0006,fcbaa6cc-f04b-4a01-af66-9353f2e3c235,340945,Ber-ACT8,799.0,,,CD103,100.0,799.0
140f19f8-effb-4290-862c-2bbfc4c4ef59,CD3,FL-0018,fcbaa6cc-f04b-4a01-af66-9353f2e3c235,560365,UVHT1,0.0,,,CD3,100.0,0.0
67987550-bb2d-4523-9d5e-9c7a8f1cc873,CD79b,FL-0015,fcbaa6cc-f04b-4a01-af66-9353f2e3c235,656644,SN8,1280.0,,,CD79b,100.0,1280.0
b6e4222d-3879-47ff-bdc1-7337ff47f00f,CD34,FL-0015,fcbaa6cc-f04b-4a01-af66-9353f2e3c235,347203,8G12,0.0,,,CD34,100.0,0.0
14e6025d-4ebd-412e-b38e-03608695e2dc,HLA-DR,FL-0015,fcbaa6cc-f04b-4a01-af66-9353f2e3c235,339194,L243,0.0,,,HLA-DR,100.0,0.0
795fdbe3-6ca8-44f2-85e1-714038656dd3,CD117,FL-0013,fcbaa6cc-f04b-4a01-af66-9353f2e3c235,339195,104D2,650.0,,,CD117,100.0,650.0
4b9107c1-8d69-44c5-a8eb-a4c38cbc8028,CD45,FL-0019,fcbaa6cc-f04b-4a01-af66-9353f2e3c235,647449,2D1,1143.0,,,CD45,100.0,1143.0
756cc163-55e2-4f44-a212-007b2ad31ad6,CD69,FL-0012,fcbaa6cc-f04b-4a01-af66-9353f2e3c235,341652,L78,637.0,,,CD69,100.0,637.0
466d2745-12c3-4c2d-93e7-a4d8b6d9bc1e,HLA-DR,FL-0018,fcbaa6cc-f04b-4a01-af66-9353f2e3c235,642276,L243,0.0,,,HLA-DR,100.0,0.0
73c33ea0-0bbb-4a68-b204-1e85b9701ca7,CD4,FL-0018,fcbaa6cc-f04b-4a01-af66-9353f2e3c235,560345,RPA-T4,0.0,,,CD4,100.0,0.0
abc9d55e-366a-4ee2-81ea-2d062c3ace06,CD56,FL-0012,fcbaa6cc-f04b-4a01-af66-9353f2e3c235,555516,NCAM-1,862.0,,,CD56,100.0,862.0
303211d5-d453-4a48-9ed8-0fb0b2f813b4,CD3,FL-0008,a0825477-f52a-4992-9d58-17849b64ca85,B49204,UCHT1,0.0,,,CD3,100.0,0.0
64620986-d48e-4fb4-8f47-26af75760dd7,CD19,FL-0011,a0825477-f52a-4992-9d58-17849b64ca85,IM3628,J3-119,496.0,,,CD19,100.0,496.0
dde1c68d-c4ee-4a93-ade2-7d2a5f11afcf,HLA-DR,FL-0008,a0825477-f52a-4992-9d58-17849b64ca85,B36291,Immu-357,1246.0,,,HLA-DR,100.0,1246.0
a1fa2150-ef85-4409-95b0-89232c876ee3,CD19,FL-0006,a0825477-f52a-4992-9d58-17849b64ca85,A07768,J3-119,678.0,,,CD19,100.0,678.0
09755a06-06bc-4134-9091-c66cdcb9319e,CD45,FL-0001,a0825477-f52a-4992-9d58-17849b64ca85,IM2473,J33,0.0,,,CD45,100.0,0.0
643bb277-da7d-4aef-9fc7-e8a347262683,Kappa,FL-0012,2739adfe-b5ec-4f11-b2a2-7c3fa147b263,R0436,F(ab')2,0.0,,,Kappa,100.0,0.0
2b13143f-8dd2-4d8e-805d-ba6bf6bdc44e,Lambda,FL-0006,2739adfe-b5ec-4f11-b2a2-7c3fa147b263,F0435,F(ab')2,0.0,,,Lambda,100.0,0.0
365b88d2-2fff-4346-b38f-e9806b573308,CD56,FL-0012,2739adfe-b5ec-4f11-b2a2-7c3fa147b263,R7251,C5.9,648.0,,,CD56,100.0,648.0
649eeda2-5d72-42f3-93bc-b65e034bb484,CD8,FL-0006,2739adfe-b5ec-4f11-b2a2-7c3fa147b263,FO765,DK25,669.0,,,CD8,100.0,669.0
f03798a1-3015-456d-abec-5c45cf93ca33,CD3,FL-0008,2739adfe-b5ec-4f11-b2a2-7c3fa147b263,PB982,UCHT1,486.0,,,CD3,100.0,486.0
7f75ace9-4b4d-4e42-898d-e0b0a1ae6a75,CD56,FL-0012,dd856259-6ecd-4dba-b3ea-29b417c3d703,130113312,AF12-7H3,465.0,,,CD56,100.0,465.0
667f224e-2179-40ed-ac1a-3fb6ccd87c7f,CD8,FL-0006,dd856259-6ecd-4dba-b3ea-29b417c3d703,13113136,REA734,337.0,,,CD8,100.0,337.0
66403af5-8e41-4be0-9387-87d0263894ca,CD45,FL-0021,dd856259-6ecd-4dba-b3ea-29b417c3d703,130110638,REA747,547.0,,,CD45,100.0,547.0
39ee7cee-8e82-4228-b79c-274ae009e3b0,CD14,FL-0004,dd856259-6ecd-4dba-b3ea-29b417c3d703,130110522,,572.0,,,CD14,100.0,572.0
8b950411-8cd8-4d62-a5fe-3260a8945aa5,TCRgd,FL-0014,dd856259-6ecd-4dba-b3ea-29b417c3d703,130113513,,572.0,,,TCRgd,100.0,572.0
8eef90e0-7198-4a45-8b85-7eeb94863b2e,CD300f,FL-0001,dd856259-6ecd-4dba-b3ea-29b417c3d703,130098471,,526.24,,,CD300f,100.0,526.24
cced2e08-461d-4028-bb17-895d095845e4,CD34,FL-0001,a0825477-f52a-4992-9d58-17849b64ca85,IM2472,,0.0,,,CD34,100.0,0.0
49829335-9d8b-4981-878d-ff975fdb2357,CD38,FL-0010,a0825477-f52a-4992-9d58-17849b64ca85,A70205,,0.0,,,CD38,100.0,0.0
52ef0e44-426e-4a6b-9288-8f606a5f3d16,CD123,FL-0001,a0825477-f52a-4992-9d58-17849b64ca85,B06376,,0.0,,,CD123,100.0,0.0
95ac48a4-7de0-42d0-b6a9-16397119fa14,CD4,FL-0001,fcbaa6cc-f04b-4a01-af66-9353f2e3c235,555349,,0.0,,,CD4,100.0,0.0
e5239b9f-c7bc-4b31-9692-c7a7464b7291,CD10,FL-0003,fcbaa6cc-f04b-4a01-af66-9353f2e3c235,655404,HI10a,1157.0,,,CD10,100.0,1157.0
1c070544-e939-4e63-92b8-d22c06584532,CD138,FL-0017,fcbaa6cc-f04b-4a01-af66-9353f2e3c235,562935,MI15,423.0,,,CD138,100.0,423.0
02dec048-dd29-46ea-a1d2-12002e268a14,CD5,FL-0015,fcbaa6cc-f04b-4a01-af66-9353f2e3c235,341089,L17F12,0.0,,,CD5,100.0,0.0
be44232c-a773-43a0-8f67-fe5181d3d7b0,CD11b,FL-0001,a0825477-f52a-4992-9d58-17849b64ca85,A87782,,0.0,,,CD11b,100.0,0.0
f1b255cd-d243-484c-b74d-53440328e7e2,IgM,FL-0001,a0825477-f52a-4992-9d58-17849b64ca85,B30654,,0.0,,,IgM,100.0,0.0
8acf1888-3d8d-485f-9b23-3a2bc761cffb,CD103,FL-0001,a0825477-f52a-4992-9d58-17849b64ca85,B06204,,0.0,,,CD103,100.0,0.0
520e5448-dc7f-4ebb-a5a6-9c7d40f5cafd,CD138,FL-0001,a0825477-f52a-4992-9d58-17849b64ca85,B49219,,0.0,,,CD138,100.0,0.0
5482ac97-43c3-42c9-8020-664f19c98037,CD24,FL-0001,a0825477-f52a-4992-9d58-17849b64ca85,A87785,,0.0,,,CD24,100.0,0.0
8e97cf9d-9276-478c-a5a5-b079ad862854,CD45,FL-0002,a0825477-f52a-4992-9d58-17849b64ca85,A79332,,0.0,,,CD45,100.0,0.0
a3943934-4217-46bc-945d-109d1080aad9,CD71,FL-0002,a0825477-f52a-4992-9d58-17849b64ca85,A89313,,0.0,,,CD71,100.0,0.0
dd6d0780-e1c2-42cd-bd44-3902c3915b6d,CD9,FL-0002,a0825477-f52a-4992-9d58-17849b64ca85,B13649,,0.0,,,CD9,100.0,0.0
6bc9aeaa-c690-454a-b956-a16dcf8e6009,CD8,FL-0002,a0825477-f52a-4992-9d58-17849b64ca85,A94683,,0.0,,,CD8,100.0,0.0
04370dde-6f4a-49e0-a249-6dac32b2f5ee,CD5,FL-0010,a0825477-f52a-4992-9d58-17849b64ca85,,,0.0,,,CD5,100.0,0.0
4a81f849-e1ba-466c-998f-41e99a023a81,CD33,FL-0009,a0825477-f52a-4992-9d58-17849b64ca85,IM2647,,0.0,,,CD33,100.0,0.0
1e186631-7daa-4578-ae18-85643b43860d,CD25,FL-0011,a0825477-f52a-4992-9d58-17849b64ca85,A52882,,0.0,,,CD25,100.0,0.0
298f21b9-30e3-40b3-8636-551ff04318bf,CD117,FL-0011,a0825477-f52a-4992-9d58-17849b64ca85,B49221,,0.0,,,CD117,100.0,0.0
10068d2e-0a5a-4f75-9ef6-fa3c170755c0,CD123,FL-0011,a0825477-f52a-4992-9d58-17849b64ca85,B13547,,0.0,,,CD123,100.0,0.0
d7f7b0a2-aefa-4d03-ba01-cf18426a30bf,CD4,FL-0012,2739adfe-b5ec-4f11-b2a2-7c3fa147b263,R0805,MT310,957.0,,,CD4,100.0,957.0
14117076-0337-42ab-82bd-026424c9afd7,TdT,FL-0006,a0825477-f52a-4992-9d58-17849b64ca85,IM3524,,0.0,,,TdT,100.0,0.0
2d1c15f5-c163-4837-bb76-b418180499b6,CD2,FL-0006,a0825477-f52a-4992-9d58-17849b64ca85,A07743,SFCI3Pt2H9,0.0,,,CD2,100.0,0.0
c70e45dd-2f8d-46ca-8e89-87747c58a694,CD15,FL-0006,a0825477-f52a-4992-9d58-17849b64ca85,IM2641U,80H5,0.0,,,CD15,100.0,0.0
f870c28c-9e63-4206-aeef-21a0a526a484,CD21,FL-0006,a0825477-f52a-4992-9d58-17849b64ca85,IM0473U,BL13,0.0,,,CD21,100.0,0.0
555f4fdd-7e2d-4040-b8f5-fa8c1502ea0e,CD22,FL-0006,a0825477-f52a-4992-9d58-17849b64ca85,IM0779U,SJ10,0.0,,,CD22,100.0,0.0
7c8efdca-d5a4-49fe-91ca-d890acf814fb,CD23,FL-0006,a0825477-f52a-4992-9d58-17849b64ca85,IM0529,9P25,0.0,,,CD23,100.0,0.0
c48094fd-b929-4119-bc7e-3ab7116fdb88,CD45,FL-0006,a0825477-f52a-4992-9d58-17849b64ca85,A07782,ALB12,0.0,,,CD45,100.0,0.0
18c69809-317f-4a33-a70f-32da62c335f4,CD20,FL-0006,a0825477-f52a-4992-9d58-17849b64ca85,A07772,H299,0.0,,,CD20,100.0,0.0
147d5b8b-b6a1-48bd-b923-7684f18595e2,IgD,FL-0006,a0825477-f52a-4992-9d58-17849b64ca85,B30652,IA6-2,0.0,,,IgD,100.0,0.0
4d2ce4f8-b5dd-4d1f-90f6-84c85c916688,CD3,FL-0012,a0825477-f52a-4992-9d58-17849b64ca85,A07747,"UCHT1,",0.0,,,CD3,100.0,0.0
496492e7-c0ee-4d10-958b-8989fa5c4874,CD4,FL-0020,dd856259-6ecd-4dba-b3ea-29b417c3d703,130114534,REA623,547.0,,,CD4,100.0,547.0
56180e64-045b-465e-81e7-818da26dd910,CD10,FL-0012,a0825477-f52a-4992-9d58-17849b64ca85,A07760,,1246.0,,,CD10,100.0,1246.0
7f2f8b66-102b-45fe-a9fb-d86d96142642,CD11c,FL-0012,a0825477-f52a-4992-9d58-17849b64ca85,IM1760,,1246.0,,,CD11c,100.0,1246.0
04b23789-f8a2-4d46-806e-649c96dfb994,CD27,FL-0012,a0825477-f52a-4992-9d58-17849b64ca85,IM2578,,0.0,,,CD27,100.0,0.0
328c78df-0eaf-4add-9491-f5660f8bcbaf,CD43,FL-0012,a0825477-f52a-4992-9d58-17849b64ca85,A32560,,834.0,,,CD43,100.0,834.0
aa17559f-85bf-4ee1-9ed0-a20c5436859d,CD79a,FL-0012,a0825477-f52a-4992-9d58-17849b64ca85,IM2221,,0.0,,,CD79a,100.0,0.0
ec93cc1f-9929-4e00-89ad-e39011e26795,CD45,FL-0013,fcbaa6cc-f04b-4a01-af66-9353f2e3c235,557748,,0.0,,,CD45,100.0,0.0
2b329b24-887c-459f-a637-7cde7df5abe5,CD105,FL-0012,fcbaa6cc-f04b-4a01-af66-9353f2e3c235,560839,,0.0,,,CD105,100.0,0.0
38f494ec-31bb-4d3e-a652-91aaabdb6e25,CD90,FL-0001,fcbaa6cc-f04b-4a01-af66-9353f2e3c235,559869,,387.0,,,CD90,100.0,387.0
b7a94bd6-f584-4640-b780-aff28f6c2c1c,HLAB27,FL-0007,a0825477-f52a-4992-9d58-17849b64ca85,A07739,,402.0,,,HLAB27,100.0,402.0
8e72cb15-f61b-4b12-9122-280745a8950e,CD20,FL-0012,a0825477-f52a-4992-9d58-17849b64ca85,IM1451,,0.0,,,CD20,100.0,0.0
72d64e72-c436-4bd8-bfb6-9773a9a666c3,CD19,FL-0013,fcbaa6cc-f04b-4a01-af66-9353f2e3c235,341093,SJ25C1,0.0,,,CD19,100.0,0.0
7a5528b9-1efe-464f-899f-7a8e81ddbf7d,CD30,FL-0012,fcbaa6cc-f04b-4a01-af66-9353f2e3c235,550041,,410.0,,,CD30,100.0,410.0
cc9550bb-c0ae-438a-85ee-a2a9bbc6b9d0,CD26,FL-0012,fcbaa6cc-f04b-4a01-af66-9353f2e3c235,340423,L272,0.0,,,CD26,100.0,0.0
a2f40a40-8b63-431d-968a-bd1cd14883b8,CD64,FL-0012,fcbaa6cc-f04b-4a01-af66-9353f2e3c235,644385,10.1,888.0,,,CD64,100.0,888.0
73720efc-0df4-4920-9f90-90968a9f3d66,CD38 multi-epitope,FL-0006,80f8ef3d-b9bf-450c-be98-51e6e6414776,CYT-38F2-R,multi-epitope,1253.0,,,CD38,100.0,1253.0
309e254a-3bd8-408a-993c-acba44921aa9,CD10,FL-0012,2739adfe-b5ec-4f11-b2a2-7c3fa147b263,R0848,SS2/36,1074.0,,,CD10,100.0,1074.0
d7f30d33-8fd4-4648-a37a-1791ed110d65,CD45-RA,FL-0001,fcbaa6cc-f04b-4a01-af66-9353f2e3c235,550855,,221.0,,,CD45-RA,100.0,221.0
b38f39f2-bcea-4f91-bd78-61993115d7ba,CD35,FL-0006,fcbaa6cc-f04b-4a01-af66-9353f2e3c235,555452,,492.0,,,CD35,100.0,492.0
c176e6c0-d958-4b09-88c0-f3c03da7aae3,CD45-RO,FL-0013,fcbaa6cc-f04b-4a01-af66-9353f2e3c235,337168,UCHL-1,0.0,,,CD45-RO,100.0,0.0
9d6b5471-3d54-4827-bba4-39fb863e2bc0,CD3,FL-0001,fcbaa6cc-f04b-4a01-af66-9353f2e3c235,340440,SK7,0.0,,,CD3,100.0,0.0
647b3e64-4369-4cfc-b767-eff7c3d751c9,CD66c,FL-0012,fcbaa6cc-f04b-4a01-af66-9353f2e3c235,551478,,0.0,,,CD66c,100.0,0.0
f9b96836-0777-4b1e-bd1c-6dacaf145602,CD38,FL-0003,fcbaa6cc-f04b-4a01-af66-9353f2e3c235,656646,HB7,0.0,,,CD38,100.0,0.0
99a57bba-6773-4f13-8aac-3a0be831ec6c,CD20,FL-0008,fcbaa6cc-f04b-4a01-af66-9353f2e3c235,642274,L27,1026.0,,,CD20,100.0,1026.0
d05644a9-a230-45fe-9813-a9701a859d6f,CD58,FL-0006,fcbaa6cc-f04b-4a01-af66-9353f2e3c235,555920,,840.0,,,CD58,100.0,840.0
15390da7-dfec-4ae8-83b4-358288ebda12,CD33,FL-0001,fcbaa6cc-f04b-4a01-af66-9353f2e3c235,340471,P67-6,0.0,,,CD33,100.0,0.0
d8cbab50-d8d0-47a2-a7d3-3bc36fcab0a1,CD7,FL-0001,fcbaa6cc-f04b-4a01-af66-9353f2e3c235,653311,M-T701,600.0,,,CD7,100.0,600.0
bdb5f2be-5eee-45a0-9677-52713f11e744,MPO,FL-0006,a0825477-f52a-4992-9d58-17849b64ca85,IM1874,CLB-MPO-1,0.0,,,MPO,100.0,0.0
8c2f9097-b5de-442b-b6cd-5169c0b2f1eb,CD25,FL-0013,fcbaa6cc-f04b-4a01-af66-9353f2e3c235,335789,2A3,1055.65,,,CD25,100.0,1055.65
16b6d1e4-1fe1-464e-8fb6-c8aacf801549,CD3,FL-0020,dd856259-6ecd-4dba-b3ea-29b417c3d703,130-114-534,,547.0,,,CD3,100.0,547.0
9cf730f1-bbee-4e84-99d8-841081d3cdc7,CD5,FL-0016,dd856259-6ecd-4dba-b3ea-29b417c3d703,130-110-994,,572.0,,,CD5,100.0,572.0
90789861-8ad5-4d62-96ab-f636b4a5843f,CD200,FL-0001,dd856259-6ecd-4dba-b3ea-29b417c3d703,130-118-130,,526.0,,,CD200,100.0,526.0
a629b89b-d38d-4aba-968b-59294f9fccf8,CD305,FL-0012,dd856259-6ecd-4dba-b3ea-29b417c3d703,130-126-091,,526.0,,,CD305,100.0,526.0
0929d503-9122-4724-8e2f-c39fb363fc57,CD95,FL-0012,dd856259-6ecd-4dba-b3ea-29b417c3d703,130-113-004,,526.0,,,CD95,100.0,526.0
d0121c6c-789d-4f35-b8ad-953c06585e60,CD19,FL-0014,dd856259-6ecd-4dba-b3ea-29b417c3d703,130-113-647,,572.0,,,CD19,100.0,572.0
0c1e1832-d847-4282-b4f2-c7b8d2d79e95,CD200,FL-0001,fcbaa6cc-f04b-4a01-af66-9353f2e3c235,655406,MRC OX-104,1409.0,,,CD200,100.0,1409.0
1470cc03-7a43-4b90-9a44-cd0985143a3a,CD81,FL-0003,fcbaa6cc-f04b-4a01-af66-9353f2e3c235,656647,JS-81,1113.0,,,CD81,100.0,1113.0
1f7440cf-5354-40fa-b6d7-2a1571c93829,CD38,FL-0001,fcbaa6cc-f04b-4a01-af66-9353f2e3c235,340439,HB7,803.0,,,CD38,100.0,803.0
b353cff5-05ac-4128-a4e0-1bbfd68ceeea,TCRBETA1,FL-0012,fcbaa6cc-f04b-4a01-af66-9353f2e3c235,565776,JOVI1,1375.0,,,TCRBETA1,100.0,1375.0
0a66fea1-4b33-49e3-9927-6e4c9f710501,CD11c,FL-0015,fcbaa6cc-f04b-4a01-af66-9353f2e3c235,658330,B-ly6,848.0,,,CD11c,100.0,848.0
223db10c-eed4-48d5-8448-096a98ae312b,CD23,FL-0012,fcbaa6cc-f04b-4a01-af66-9353f2e3c235,555711,ML233,543.0,,,CD23,100.0,543.0
86aa5625-7a79-447a-a629-4d912d13c63e,CD95,FL-0012,dd856259-6ecd-4dba-b3ea-29b417c3d703,130113004,REA738,526.0,,,CD95,100.0,526.0
2734575d-9119-4a07-8206-c4ec6e708acc,CD4,FL-0001,dd856259-6ecd-4dba-b3ea-29b417c3d703,130113210,VIT4,465.0,,,CD4,100.0,465.0
c1624043-b6a3-429a-a721-fc59df05e675,CD20,FL-0020,dd856259-6ecd-4dba-b3ea-29b417c3d703,130-111-345,REA780,547.0,,,CD20,100.0,547.0
840a34ff-3101-46ff-b40a-ea82461766dd,CD3,FL-0004,dd856259-6ecd-4dba-b3ea-29b417c3d703,130113136,REA631,561.0,,,CD3,100.0,561.0
affa91ad-f3fe-4dfc-886f-0f48a2463687,trial,FL-0001,fcbaa6cc-f04b-4a01-af66-9353f2e3c235,,trial,0.0,,,trial,100.0,0.0
2479f779-3bd2-4853-b4dc-f60ecc698341,trial,FL-0001,fcbaa6cc-f04b-4a01-af66-9353f2e3c235,,trial,0.0,,,trial,100.0,0.0
