id,reagent_unit_id,field,old_value,new_value,changed_at,changed_by,team_id,note
1475B538E06E93674D1C4DEEFF7DF2C6,076858e2-e088-410f-98fd-90e875b0cc3a,expiration_date,2025-07-27T00:00:00,2025-07-27,2026-01-24 15:05:32,,,
911FD2775E9011FEABD252357A8C0D67,7f26837d-264b-4c1c-b30d-942c064e3044,expiration_date,2026-08-08T00:00:00,2026-08-08,2026-01-24 15:05:32,,,
DF556CA148A6B694225DA58197013F17,e3101d55-6249-45c4-9bf4-06d23978ccfb,expiration_date,2025-10-31T00:00:00,2025-10-31,2026-01-24 15:05:32,,,
EE9B526F5082C72EB7866D179C36D197,0e716203-2914-4a8b-bc12-bc74238096a0,expiration_date,2025-01-31T00:00:00,2025-01-31,2026-01-24 15:05:32,,,
D7AC1AF605E0B70C3D5D9D5B711E58B5,111b0ff0-f704-4d84-9001-1a598afaef6e,expiration_date,2025-08-31T00:00:00,2025-08-31,2026-01-24 15:05:32,,,
4567BB85AE0C395E713642AAE080C0CB,110bfe5c-d90f-47ad-9876-3349aaa1336e,expiration_date,2024-08-31T00:00:00,2024-08-31,2026-01-24 15:05:32,,,
964CBC5D945C07C87BC1CAB61F2C202D,45a73906-d2e2-4236-8d8b-bf523e3c7be9,expiration_date,2026-07-30T00:00:00,2026-07-30,2026-01-24 15:05:32,,,
2F9681DDFA36D025A4149FE3D0101623,a33c5d89-5e8e-4815-862e-e39544ee2c6d,expiration_date,2027-01-31T00:00:00,2027-01-31,2026-01-24 15:05:32,,,
5A92E8128CCEC8EC271DA343D7A420F7,a3c120a8-7f10-4807-9051-5fecb8c8e5c4,expiration_date,2025-06-30T00:00:00,2025-06-30,2026-01-24 15:05:32,,,
81FA0AB084919BEA19854670A8D48C44,44e5600f-0861-4c20-a3ea-616129d969da,expiration_date,2026-07-26T00:00:00,2026-07-26,2026-01-24 15:05:32,,,
8F6F37DA98862B55BE9D345FA2100A27,5320af7c-66f4-41b4-a87f-d34cb78b34d1,expiration_date,2026-10-29T00:00:00,2026-10-29,2026-01-24 15:05:32,,,
B1A307FC53E86ACE8DB77A805FF21EFE,caf903bd-0bfd-4194-8bfc-77981ef89925,expiration_date,2026-10-29T00:00:00,2026-10-29,2026-01-24 15:05:32,,,
F5D155DEC18B5F65824B76654ABC2A3C,a7ab976a-f0e6-4211-a31b-9e2d877521ba,expiration_date,2026-05-24T00:00:00,2026-05-24,2026-01-24 15:05:32,,,
7AE2AFAA775E0C873AD748D25FCA29B4,5029830f-9b62-4c00-b52c-6bfd32631ac0,expiration_date,2027-07-27T00:00:00,2027-07-27,2026-01-24 15:05:32,,,
2F482DAB34A542E5E0697311C26EED58,5907cc43-d96b-43c8-87da-c668f20329ae,expiration_date,2023-04-02T00:00:00,2023-04-02,2026-01-24 15:05:32,,,
549ED596FAC643017C5A2174D9EE4E84,65edd9e4-14df-485c-8a8a-3293c11ea09b,expiration_date,2026-07-16T00:00:00,2026-07-16,2026-01-24 15:05:32,,,
E743903DFDA4EFE84981BAB6BF7281F5,5cf94c10-c1a8-45d6-87bc-da5b19804f5f,expiration_date,2025-08-31T00:00:00,2025-08-31,2026-01-24 15:05:32,,,
8F5F742D6111C5BD5B5F4863629B8424,ef597d25-9e50-4b25-ad06-e5fee527bd89,expiration_date,2025-02-28T00:00:00,2025-02-28,2026-01-24 15:05:32,,,
2EE4009F99EE2B5994DC5E3D6F6C4313,cf14d73b-db25-45b7-abb6-13fd29e8e4c6,expiration_date,2025-10-10T00:00:00,2025-10-10,2026-01-24 15:05:32,,,
688D07849B1D3B550D55CD973B9C2E3B,72fe0677-48e3-40d7-94a6-a13a2782049e,expiration_date,2026-08-09T00:00:00,2026-08-09,2026-01-24 15:05:32,,,
AD89968061FA3C9F5D39D0A726FDFC3E,1e110c48-83df-4fda-864e-95ddeade4d94,expiration_date,2025-10-15T00:00:00,2025-10-15,2026-01-24 15:05:32,,,
17D964B1FC3623A5AA49319345B9658A,869a430f-8142-407f-b978-7de7b3eefb65,expiration_date,2026-01-31T00:00:00,2026-01-31,2026-01-24 15:05:32,,,
072C4DC23D094943D3999E44AFD32BE6,5aca6ae4-a5a7-432c-a2be-56ace85a0bc2,expiration_date,2025-04-30T00:00:00,2025-04-30,2026-01-24 15:05:32,,,
D2E1824E379F22F22A67ADB5BAFD1FB3,18f2149a-f7b1-412e-bd3a-110fdbcd0da4,expiration_date,2025-07-31T00:00:00,2025-07-31,2026-01-24 15:05:32,,,
7549A6979D1554CA264FA23BD180516E,2d9e680b-963f-4a54-88d6-e87d260c4d36,expiration_date,2025-08-31T00:00:00,2025-08-31,2026-01-24 15:05:32,,,
63FD60790C9AEA9E612424954440C876,43b3d1dd-acb1-47b7-ab16-979ad55a4df3,expiration_date,2030-06-30T00:00:00,2030-06-30,2026-01-24 15:05:32,,,
53C5F2FA6DB7670C7D9D3DE688CA6C36,57a3958c-c1d4-4645-bd85-8ee8a35abfa2,expiration_date,2026-05-12T00:00:00,2026-05-12,2026-01-24 15:05:32,,,
6264C90C1BF2DA4D06B31E0CDFC07D23,46fdd458-4d9b-4440-a156-9761f44c52be,expiration_date,2024-05-09T00:00:00,2024-05-09,2026-01-24 15:05:32,,,
D3F17C994CD9B229EC12BA66BAFFB83A,cb21ad00-7148-4613-acb8-dec6cec6c733,expiration_date,2026-05-12T00:00:00,2026-05-12,2026-01-24 15:05:32,,,
576DF4E40A5D6F8F7661AB90043B1B9F,1f6ba80d-8503-42c4-83f4-9e17e7c77f67,expiration_date,2024-03-28T00:00:00,2024-03-28,2026-01-24 15:05:32,,,
DA3DCED8FF3F1DC8291326E20EE7207E,9cbfc241-5ec6-40cf-a09c-934b5177efa1,expiration_date,2026-05-12T00:00:00,2026-05-12,2026-01-24 15:05:32,,,
DD2978E1189C75A69E54C3C89DB8AFC4,47956310-c1a1-435f-8f41-560b26922ce8,expiration_date,2026-05-12T00:00:00,2026-05-12,2026-01-24 15:05:32,,,
1BD1D250863201D91D67176CAB4165AF,90111461-82ba-4797-a2f5-afe7936854c0,expiration_date,2023-10-20T00:00:00,2023-10-20,2026-01-24 15:05:32,,,
B0FDBDA3D7CA17DC4BD8FF0E8D5AD00D,e3e282a8-4ec4-42c9-b313-b04eb909b145,expiration_date,2023-09-26T00:00:00,2023-09-26,2026-01-24 15:05:32,,,
CF1657436638C63DE4591519A3EE82A4,95fa6c53-b22b-49e3-b4af-57bf459b2956,expiration_date,2024-05-03T00:00:00,2024-05-03,2026-01-24 15:05:32,,,
B9CEB410EC058A587F1FC21C897C4BD3,b5f82e0a-7c06-4cf7-a714-5f216ff92410,expiration_date,2026-06-12T00:00:00,2026-06-12,2026-01-24 15:05:32,,,
7204B6F5BE985E8A1523BA6A367CFB03,5c928be6-8cfc-41ec-a9ca-10f01b18ae5a,expiration_date,2026-05-12T00:00:00,2026-05-12,2026-01-24 15:05:32,,,
CB448C053DB56A5D543D16D7FBD10FCD,57c35aba-5ab5-452b-bdd7-30d4f3c8b53f,expiration_date,2025-07-07T00:00:00,2025-07-07,2026-01-24 15:05:32,,,
D6EDD868EB5AC95B989CFF738390E5C6,d38c6115-83a0-4aac-ac1c-46f53360ec10,expiration_date,2025-10-31T00:00:00,2025-10-31,2026-01-24 15:05:32,,,
7963FD91FA6A9F6B6A9A2805643144A6,c5977f7b-9ab0-49c6-9585-c1582a2c6168,expiration_date,2025-01-01T00:00:00,2025-01-01,2026-01-24 15:05:32,,,
7D061942B91D8AFF5872872C7D2392A3,d2883827-2b0b-4b22-8c58-a9d7d11bbe33,expiration_date,2026-07-31T00:00:00,2026-07-31,2026-01-24 15:05:32,,,
F6A300A54D8285808203E21C3B616B56,c4f7d638-2bab-44cc-ab53-9290b3c04c3a,expiration_date,2025-11-30T00:00:00,2025-11-30,2026-01-24 15:05:32,,,
59FAA45A310330115CD7965F5522D914,f640a8ad-9409-4cc8-8780-e0b54d0ffa58,expiration_date,2026-02-28T00:00:00,2026-02-28,2026-01-24 15:05:32,,,
98EC8178712111CCB09915DDCA912501,c53a7ddb-966e-4a4f-940f-d70c15b5084e,expiration_date,2027-03-01T00:00:00,2027-03-01,2026-01-24 15:05:32,,,
722C24CBA4012E997DC9A6F2B0445316,e9ea58ff-d306-49c6-9cb8-1032e166e265,expiration_date,2025-11-21T00:00:00,2025-11-21,2026-01-24 15:05:32,,,
354DFE33BBB626DFE334528A77DC2928,49bc89cf-cd69-4be8-beb6-abb6d07db119,expiration_date,2026-05-19T00:00:00,2026-05-19,2026-01-24 15:05:32,,,
60C35D28FC25A21625DE13FC37AE5B52,b2d939ad-b594-4eda-8491-fde2185f32e6,expiration_date,2029-08-31T00:00:00,2029-08-31,2026-01-24 15:05:32,,,
03D94AC51BD8A38FE9191E078787CF84,8644f2fe-f0c1-4a12-a289-2cdbee49f4da,expiration_date,2026-05-31T00:00:00,2026-05-31,2026-01-24 15:05:32,,,
60F7D1EEEC259B5DB706ED33BD1213F6,3327ac8a-82e7-4316-90b4-de42ea0f56c7,expiration_date,2027-03-23T00:00:00,2027-03-23,2026-01-24 15:05:32,,,
0FA024EE827838C56CD084DF2B4EF885,5b0d29aa-db6c-4e7d-af22-1236da2cad6f,expiration_date,2024-07-24T00:00:00,2024-07-24,2026-01-24 15:05:32,,,
1752C1E0DBB1D71C2DC5C3282A52AEC1,b0504254-a826-4095-9ce3-68899176542c,expiration_date,2026-05-12T00:00:00,2026-05-12,2026-01-24 15:05:32,,,
1F252B950A12E8B01FF80198F8AA5C4E,de1781ea-461e-4ba0-bfb4-498f67def4db,expiration_date,2026-05-19T00:00:00,2026-05-19,2026-01-24 15:05:32,,,
696D8177162165B754548D984B8FD32C,0c63b71d-1525-4e56-836b-af57f9afb9d1,expiration_date,2022-09-06T00:00:00,2022-09-06,2026-01-24 15:05:32,,,
4F4E4818A2C377E56EE29467E7052BF4,d2a8315c-d6bb-4550-a1a7-0283554801f2,expiration_date,2022-07-10T00:00:00,2022-07-10,2026-01-24 15:05:32,,,
83E513141513AF2149D804AC3466271C,f2a45137-208d-4b95-960e-000cbe1eb1d9,expiration_date,2025-10-31T00:00:00,2025-10-31,2026-01-24 15:05:32,,,
87C308E8A4E46D1A0B82CD69443091F9,61dca80e-4236-425c-8c2d-7a98886a0231,expiration_date,2025-07-31T00:00:00,2025-07-31,2026-01-24 15:05:32,,,
FE8456B85745C5FD8C4F709F270F4ADC,e0e8b0cb-33fb-4477-b411-ff8f5a180b63,expiration_date,2026-06-30T00:00:00,2026-06-30,2026-01-24 15:05:32,,,
27F13237DCC2B2236387A5176ABC51C5,7e8bd724-2dbd-4499-8d8c-3a838eaf7898,expiration_date,2024-09-22T00:00:00,2024-09-22,2026-01-24 15:05:32,,,
891A61EA9252A6D85E3A420E1133EDA5,62b738af-f3a7-457e-a726-f3aec0bba1cb,expiration_date,2022-11-17T00:00:00,2022-11-17,2026-01-24 15:05:32,,,
3E35CA087CD79FD852B47DF2A49662FB,c1f9e66b-f410-45a5-bf6f-d88ffe6c36bf,expiration_date,2023-01-29T00:00:00,2023-01-29,2026-01-24 15:05:32,,,
3F0DF266A873114572D0F49856629035,d91e65ea-43a3-49a6-92f0-4900c15fc56a,expiration_date,2022-06-11T00:00:00,2022-06-11,2026-01-24 15:05:32,,,
B8DCDEF62DA0BD5F7D3C9FAD4108A10A,0ba4b466-961f-4a97-af9f-9841e100fcaf,expiration_date,2023-02-09T00:00:00,2023-02-09,2026-01-24 15:05:32,,,
D72942C1A5DC5DDEAAD9DDB58CD88A9E,5d00bf7b-e731-4253-bfcd-c30b1324d0ce,expiration_date,2020-07-11T00:00:00,2020-07-11,2026-01-24 15:05:32,,,
38CB0D0E463B1BE069C6556AB2DD343D,14675f42-d2a5-4cbb-8588-c09cd4a20e2a,expiration_date,2024-06-12T00:00:00,2024-06-12,2026-01-24 15:05:32,,,
1651D365D22C6B1323C2F5890A26F9E1,de508bd9-1466-4895-bdf8-7f5517ab262b,expiration_date,2027-04-05T00:00:00,2027-04-05,2026-01-24 15:05:32,,,
25688712A5E97AB89E8191A9A8FB5370,9e79385c-19a0-45d4-8dc2-36733a6074e0,expiration_date,2026-05-12T00:00:00,2026-05-12,2026-01-24 15:05:32,,,
C5DFFEC5397D2568136C1DFDC2971CC7,6775df9a-70c3-407e-a4f2-11ff02e70eb8,expiration_date,2027-12-31T00:00:00,2027-12-31,2026-01-24 15:05:32,,,
99B93C3DCB32C9D358E84AB84C75D080,a51963a3-75f3-404f-ba8f-a658747492d8,expiration_date,2022-09-23T00:00:00,2022-09-23,2026-01-24 15:05:32,,,
6ABEB30F1CB6C5A1113500CA7B5FF07B,10e71086-2fce-4aa2-9753-5323b494397b,expiration_date,2027-03-10T00:00:00,2027-03-10,2026-01-24 15:05:32,,,
59DB3FB910A22DFF01EB09C373620743,2c557b54-9497-4507-af0b-8b645c8d7f33,expiration_date,2026-05-12T00:00:00,2026-05-12,2026-01-24 15:05:32,,,
82F1A68A57E50B337E8F0CF3C58B54E8,50165fe4-744a-4e49-895d-7a85e139f655,expiration_date,2024-11-30T00:00:00,2024-11-30,2026-01-24 15:05:32,,,
4176442CABD24375EA934A4D453CA2EE,08639749-3af3-4ce6-ac60-d163cd257197,expiration_date,2026-07-31T00:00:00,2026-07-31,2026-01-24 15:05:32,,,
4A297B2B8AA75BD4C2D5A593E934DE15,2f1bbcf5-bdea-4e80-8671-8592b8146d20,expiration_date,2027-02-01T00:00:00,2027-02-01,2026-01-24 15:05:32,,,
1BC46D0D116DB86B0F986782B25C7195,d4a26cc4-5754-45b6-ad3b-be7f2fd6d3b7,expiration_date,2025-08-31T00:00:00,2025-08-31,2026-01-24 15:05:32,,,
3FB9F9EF3BFCBA97FB6709DD3398F4EA,128b2a22-0e09-483a-b4f3-4a3e55bb6d41,expiration_date,2021-03-13T00:00:00,2021-03-13,2026-01-24 15:05:32,,,
5F6D6C34309DFE05FD683AE5B0601B9F,a2cd08b2-b9fb-4a34-8070-917032c3128c,expiration_date,2024-08-10T00:00:00,2024-08-10,2026-01-24 15:05:32,,,
9C39DF10DF078EB440AC3F8CB0CB356B,59466556-53f8-4fcb-b0c2-b100bc736d80,expiration_date,2023-08-31T00:00:00,2023-08-31,2026-01-24 15:05:32,,,
8348306840450B20127D8B60657E75BF,d1ec4099-c6e3-40f6-91f8-1fe7d7708f51,expiration_date,2023-11-01T00:00:00,2023-11-01,2026-01-24 15:05:32,,,
8EB4C21572A1C182A6C6E03DBF9F3ADF,79694a6a-a71c-494d-9963-3cfaca20502b,expiration_date,2026-05-19T00:00:00,2026-05-19,2026-01-24 15:05:32,,,
441693FDC78E41510A2AAB908EFF2D85,6f0d57dc-bf8e-4263-87e5-73353dcebe62,expiration_date,2026-05-19T00:00:00,2026-05-19,2026-01-24 15:05:32,,,
E3D54175FEBA4E31BCDB76ACCDCF4B9C,d5f0adb2-a04d-4f95-a622-0b30f414e914,expiration_date,2022-05-15T00:00:00,2022-05-15,2026-01-24 15:05:32,,,
34A06BEC790E23D6F847512C8B515AC9,24fc4abf-298e-4da6-ae96-bc2ef14891b0,expiration_date,2025-01-17T00:00:00,2025-01-17,2026-01-24 15:05:32,,,
9C5A693A9522C0DA015413091C7F9F49,341d0d8b-6514-46cb-9a2f-e8d0348a92a4,expiration_date,2026-01-31T00:00:00,2026-01-31,2026-01-24 15:05:32,,,
56D82B7F59D8EB615BF8D5666DCCFCBD,d1ea46b4-2d20-41cc-8b40-e66aefe43c9a,expiration_date,2026-09-30T00:00:00,2026-09-30,2026-01-24 15:05:32,,,
D6146680F132F72E880CB60209BFE738,5d3678a5-8f5a-4a9f-97e5-38796fc25a2d,expiration_date,2024-10-31T00:00:00,2024-10-31,2026-01-24 15:05:32,,,
8BF5C1566CE30A25ACB4C476D7731A84,5bc52931-28b5-4a88-a411-cbb15d2c25b1,expiration_date,2026-05-31T00:00:00,2026-05-31,2026-01-24 15:05:32,,,
4F768F3F974F39E4FDD8DD73135695AE,4094ee82-1884-4d0c-b646-24cd61707f18,expiration_date,2024-08-01T00:00:00,2024-08-01,2026-01-24 15:05:32,,,
1739847C211AD5C898C6F74244FD33B9,07233079-3da4-4e44-b149-f3d57bbabf6a,expiration_date,2027-03-29T00:00:00,2027-03-29,2026-01-24 15:05:32,,,
2CA8DECDAEF94A63A04718E9F65434E5,9d3d534c-fa00-4137-afe1-420fcd1cc625,expiration_date,2026-07-20T00:00:00,2026-07-20,2026-01-24 15:05:32,,,
25C81C6FCDABD2FC8A8D65E3E765F852,d70df619-dc6a-4907-93d8-00df05af01e5,expiration_date,2027-03-31T00:00:00,2027-03-31,2026-01-24 15:05:32,,,
08141E79818A5BE4606E9C2B1578FBD8,9e529d5e-815f-45b0-8bb5-6cd113b13b96,expiration_date,2025-08-31T00:00:00,2025-08-31,2026-01-24 15:05:32,,,
C8CEF79CFAD403F7C8293191CC37675C,c4654032-0614-4ed3-abe2-48d92a41190f,expiration_date,2024-08-31T00:00:00,2024-08-31,2026-01-24 15:05:32,,,
C8EF0EE826DA4387342475BAC9EB64FF,af3ca85d-7ccd-45e6-9892-4953f49f7e4f,expiration_date,2029-07-31T00:00:00,2029-07-31,2026-01-24 15:05:32,,,
33EC4ACF5B8D76DFBF0D2596A7E226EE,f38da41a-b413-413a-8701-46a3a1ef9ab7,expiration_date,2024-01-31T00:00:00,2024-01-31,2026-01-24 15:05:32,,,
339B3352A0737419C3CC59B18F117AB1,c05143a6-51f9-4c8c-ab13-7fa90da669d3,expiration_date,2024-12-31T00:00:00,2024-12-31,2026-01-24 15:05:32,,,
CF08D00F4F84AFD53261F5882652BEE3,977ad3e6-9e4e-4d2e-96c0-3d40b545dbb5,expiration_date,2025-12-31T00:00:00,2025-12-31,2026-01-24 15:05:32,,,
D5B06470388A1337F9DF6C05CF15600D,74c4a8d1-a405-4f5f-827b-36ba66c84694,expiration_date,2024-08-31T00:00:00,2024-08-31,2026-01-24 15:05:32,,,
6B3D675E47D0E6BCB70D43043FCB1351,34f661fd-712f-45bf-9e5c-cb1ff7b2be53,expiration_date,2026-10-31T00:00:00,2026-10-31,2026-01-24 15:05:32,,,
29FA92CAE32583DAA662FFF6F8698863,6797f6e9-ae9b-48b5-8613-d047b1c29ad5,expiration_date,2028-11-30T00:00:00,2028-11-30,2026-01-24 15:05:32,,,
A37A6A95B5B98BAB22B4FB3EE99186F4,75ff70ae-a82b-4df4-89cf-106760c7baf5,expiration_date,2024-05-31T00:00:00,2024-05-31,2026-01-24 15:05:32,,,
48E93D2AD27CC4BA9404A1F9511411D2,37a037ee-2d94-4d2b-bed3-77368134b222,expiration_date,2025-05-31T00:00:00,2025-05-31,2026-01-24 15:05:32,,,
FBC5B015953732F81F563D9D8AE4C11A,2726d588-2385-4f32-89f1-7c8b0b12ceec,expiration_date,2026-09-30T00:00:00,2026-09-30,2026-01-24 15:05:32,,,
02FAEB29A46E412BED8C9B3E1569B3B1,474c3c48-f39e-4309-9e6a-52b7bd9055f3,expiration_date,2028-10-31T00:00:00,2028-10-31,2026-01-24 15:05:32,,,
40A750FBBBDAF1FDF7EB9FF570D5407B,e2de334f-59d3-4922-8871-39d16c74395e,expiration_date,2025-11-30T00:00:00,2025-11-30,2026-01-24 15:05:32,,,
F0AA5D093A5A37DDE3937835F85878C0,c735449c-3880-42f7-a4d4-e2e53a2d2a5c,expiration_date,2026-08-31T00:00:00,2026-08-31,2026-01-24 15:05:32,,,
41C8A7AE9D9ACF3C0DE12A6084FF045D,c15a56d0-6839-4d64-adac-50cd72d14401,expiration_date,2025-08-31T00:00:00,2025-08-31,2026-01-24 15:05:32,,,
92A92523ECFA9CCC492ED5B63B4CF6E2,1e37c2f5-123a-455e-afc2-d05760a537ea,expiration_date,2026-05-19T00:00:00,2026-05-19,2026-01-24 15:05:32,,,
F026D4A13443FCB61510FFE535F8A1C4,e8c61144-bae6-4010-b7de-ceab4b442ea3,expiration_date,2025-02-28T00:00:00,2025-02-28,2026-01-24 15:05:32,,,
38A7A1501AD51AD72C757E4B723B3ECF,b0faf3f8-6e0c-4d80-a665-6b09fe2918ad,expiration_date,2027-04-05T00:00:00,2027-04-05,2026-01-24 15:05:32,,,
E223DEC30E96FCE80B811C7D52D95CBF,f6f9088f-401b-41b8-89e9-d729adb5d674,expiration_date,2025-08-31T00:00:00,2025-08-31,2026-01-24 15:05:32,,,
E861A51A5B66D2D5BA1E65FDC5776B16,4250bec6-61bf-4481-b5c2-ba90b9b5af09,expiration_date,2026-01-31T00:00:00,2026-01-31,2026-01-24 15:05:32,,,
E3D6D898DF45B74C5FCE3BED45E3ECE9,b9396609-846d-4a2b-b3d6-ca63aa0388ed,expiration_date,2025-08-31T00:00:00,2025-08-31,2026-01-24 15:05:32,,,
2B1043159D070F025F48C3883950EE85,599ac607-8dfc-4f52-85aa-82ebf5e932a4,expiration_date,2025-12-31T00:00:00,2025-12-31,2026-01-24 15:05:32,,,
555B47CDEC819219475F962A1DEAEA46,2f3dc502-ca02-4bbd-885c-2aa496a08ccf,expiration_date,2026-06-30T00:00:00,2026-06-30,2026-01-24 15:05:32,,,
3BE235BAD2446206DBF814FD9CA3803B,9cfa540d-9ac8-44fc-9a00-94f3b943d9ef,expiration_date,2027-04-04T00:00:00,2027-04-04,2026-01-24 15:05:32,,,
6BA85AA1BE2C5B06577A40AE60889B27,edcfa5f2-0887-42bc-a0d3-821d52e4bd2b,expiration_date,2024-03-31T00:00:00,2024-03-31,2026-01-24 15:05:32,,,
FCD4EEBC7CF660AF3EC38391F4AD2D85,147ab8db-0031-411e-a408-c091117b6701,expiration_date,2026-06-30T00:00:00,2026-06-30,2026-01-24 15:05:32,,,
4C30D83E08E3E2AEE95A896CF29B5208,39dd1191-91a3-41ce-9ab9-71e596fa8717,expiration_date,2023-08-31T00:00:00,2023-08-31,2026-01-24 15:05:32,,,
059DCB4BF57CD6A7F33969D6843ABFDB,de250504-b161-447d-a0ee-c80c843a408e,expiration_date,2025-02-28T00:00:00,2025-02-28,2026-01-24 15:05:32,,,
17605FF0C805497DAAB61A5867008F50,1e1ff076-1bb7-4d01-873a-04a296cdfc47,expiration_date,2026-03-31T00:00:00,2026-03-31,2026-01-24 15:05:32,,,
A02E4B1D7B207AC5271FF9A6D82683B6,5845392d-9eb8-4140-a1e8-f01bdc8ad240,expiration_date,2025-12-31T00:00:00,2025-12-31,2026-01-24 15:05:32,,,
D5110E921190D8CA6C7E46B97E91F9E5,b5bfca13-e2cd-4259-b108-6add2688c6c1,expiration_date,2025-12-31T00:00:00,2025-12-31,2026-01-24 15:05:32,,,
07373DC26936AC697894132EA771F3AC,b34d719a-1933-4962-ae86-41c92f7a8c60,expiration_date,2025-08-30T00:00:00,2025-08-30,2026-01-24 15:05:32,,,
1B7405FA920D3320CC6AAD35F8746FA8,58f9339d-1e26-4a96-8f37-0a309edbb429,expiration_date,2025-12-31T00:00:00,2025-12-31,2026-01-24 15:05:32,,,
85DB1EA6DC89267024CAE1186969500D,72ee765d-cea8-40ac-b098-5355fb0aa750,expiration_date,2026-08-05T00:00:00,2026-08-05,2026-01-24 15:05:32,,,
168B7B5239EAD538D0701EFAFA44AED8,db8a0a99-8cba-4ea9-9d9f-1b50aa0c9e2e,expiration_date,2027-08-18T00:00:00,2027-08-18,2026-01-24 15:05:32,,,
FBAB873D5501F4A3B4196DA42A859F79,719ac328-758d-44b3-9619-6e6ad22c5f25,expiration_date,2027-08-18T00:00:00,2027-08-18,2026-01-24 15:05:32,,,
F1CBA2CB6660BB1F980E1801A044A61F,97c2328f-1934-421b-9f68-41228fd0bbac,expiration_date,2027-08-18T00:00:00,2027-08-18,2026-01-24 15:05:32,,,
EE4A123140D6733611E5F5CB9D900E5D,7ea2ec1d-88c4-4ad9-8a3b-76ea4e71ab88,expiration_date,2027-07-28T00:00:00,2027-07-28,2026-01-24 15:05:32,,,
E2F98EEBD1B4BD52A5E376A46D1EEF44,16dc6d66-81c0-4fbd-89f6-10c757f9b00c,expiration_date,2027-07-29T00:00:00,2027-07-29,2026-01-24 15:05:32,,,
B045ADF8ABAC45584AFCA039FA4AFA51,f67fc7b3-d440-4da2-9f01-9275b3705b5a,expiration_date,2027-08-10T00:00:00,2027-08-10,2026-01-24 15:05:32,,,
D84DC70CEFD7A228F4BCBCCB6B0CFBD4,913e85a5-58f7-462f-8187-ecc5b9ba42d0,expiration_date,2027-07-18T00:00:00,2027-07-18,2026-01-24 15:05:32,,,
4C764333C2B1B47D31D8294EAB281933,28d0e781-ed2f-49aa-b6fd-11ba001fcb1b,expiration_date,2027-07-27T00:00:00,2027-07-27,2026-01-24 15:05:32,,,
D0827C18789EC040D6297FE0B592B1E4,02db66f7-dcea-4afc-a023-2cd84fd22f0c,expiration_date,2028-02-29T00:00:00,2028-02-29,2026-01-24 15:05:32,,,
414060A3E42E35B03DFAF738D1F81C43,08728589-d6eb-4c18-be81-6b173c502b9a,expiration_date,2027-08-08T00:00:00,2027-08-08,2026-01-24 15:05:32,,,
B624E381070092508E4488868FC68AB0,9aa2b902-255d-4ca6-b296-07542fbd7f37,expiration_date,2029-03-31T00:00:00,2029-03-31,2026-01-24 15:05:32,,,
964F19C2137AB032E48DB4E38DC5A04D,ac405981-aefb-4ec6-a9d9-078a6469093c,expiration_date,2029-08-31T00:00:00,2029-08-31,2026-01-24 15:05:32,,,
ECAF7FFF414C5D07741BCDC6CF261D7C,d5e2bfa0-2d7e-44cc-8d0c-e27f62fb897d,expiration_date,2024-04-30T00:00:00,2024-04-30,2026-01-24 15:05:32,,,
33DA83A1240923339F9FBCC8D984EB9C,71cb188b-bb2f-4067-a684-2de75ee48c22,expiration_date,2026-05-31T00:00:00,2026-05-31,2026-01-24 15:05:32,,,
82931E1A6E08B5659AB5515972F79552,f819b316-8f0e-4c28-845b-c611b721c9df,expiration_date,2027-07-31T00:00:00,2027-07-31,2026-01-24 15:05:32,,,
A59989368FD83BFB23B70C74DE673AC9,734846d8-320e-4951-8e39-a12d0a0b6958,expiration_date,2027-08-18T00:00:00,2027-08-18,2026-01-24 15:05:32,,,
133A9308258DB36C76FF75890FCB57A2,2612756f-90b1-4239-bbec-d3dcc82919b5,expiration_date,2027-08-18T00:00:00,2027-08-18,2026-01-24 15:05:32,,,
